,Title,Title_link,Comments,CommentsTime,CommentsLike,TransferedTime,Sentiment
0,Zombieland: Double Tap Trailer #1 (2019) | Movieclips Trailers,https://www.youtube.com/watch?v=YghZVENrn3Q&list=PLScC8g4bqD47QYmsgs_FBzcNvi3PPt2Ev&index=3&t=0s,Words cannot express how happy this makes me.,1 week ago,1.2K,13,pos
1,Zombieland: Double Tap Trailer #1 (2019) | Movieclips Trailers,https://www.youtube.com/watch?v=YghZVENrn3Q&list=PLScC8g4bqD47QYmsgs_FBzcNvi3PPt2Ev&index=3&t=0s,I have high hopes that this will not disappoint us. The decade-long wait will be worth it.,1 week ago,1.1K,13,pos
2,Zombieland: Double Tap Trailer #1 (2019) | Movieclips Trailers,https://www.youtube.com/watch?v=YghZVENrn3Q&list=PLScC8g4bqD47QYmsgs_FBzcNvi3PPt2Ev&index=3&t=0s,2019 Jesse Eisenberg looks same as 2009 Jesse Eisenberg.üòØ,1 week ago,548,13,pos
3,Zombieland: Double Tap Trailer #1 (2019) | Movieclips Trailers,https://www.youtube.com/watch?v=YghZVENrn3Q&list=PLScC8g4bqD47QYmsgs_FBzcNvi3PPt2Ev&index=3&t=0s,I love that they pointed out that the 4 leads are Oscar nominated/winners like it was a trailer for some arthouse film lol,1 week ago,388,13,pos
4,Zombieland: Double Tap Trailer #1 (2019) | Movieclips Trailers,https://www.youtube.com/watch?v=YghZVENrn3Q&list=PLScC8g4bqD47QYmsgs_FBzcNvi3PPt2Ev&index=3&t=0s,"When you get a notification of the Zombieland 2 trailer
Rule #1: Cardio",1 week ago,454,13,neg
5,Zombieland: Double Tap Trailer #1 (2019) | Movieclips Trailers,https://www.youtube.com/watch?v=YghZVENrn3Q&list=PLScC8g4bqD47QYmsgs_FBzcNvi3PPt2Ev&index=3&t=0s,Omg yesss it's finally here! The Twinkies üòÇ,1 week ago,383,13,pos
6,Zombieland: Double Tap Trailer #1 (2019) | Movieclips Trailers,https://www.youtube.com/watch?v=YghZVENrn3Q&list=PLScC8g4bqD47QYmsgs_FBzcNvi3PPt2Ev&index=3&t=0s,i was just watching zombie land 3 hours ago,1 week ago,316,13,neg
7,Zombieland: Double Tap Trailer #1 (2019) | Movieclips Trailers,https://www.youtube.com/watch?v=YghZVENrn3Q&list=PLScC8g4bqD47QYmsgs_FBzcNvi3PPt2Ev&index=3&t=0s,Jesse Eisenberg just decided not to age...boss move,1 week ago,282,13,neg
8,Zombieland: Double Tap Trailer #1 (2019) | Movieclips Trailers,https://www.youtube.com/watch?v=YghZVENrn3Q&list=PLScC8g4bqD47QYmsgs_FBzcNvi3PPt2Ev&index=3&t=0s,"Don't let them catch you with your pants down.
           ""Sir Columbus""",1 week ago (edited),114,13,neg
9,Zombieland: Double Tap Trailer #1 (2019) | Movieclips Trailers,https://www.youtube.com/watch?v=YghZVENrn3Q&list=PLScC8g4bqD47QYmsgs_FBzcNvi3PPt2Ev&index=3&t=0s,"I'm a simple man.
I see Emma stone..
I Immediately like it.",1 week ago,125,13,pos
10,Zombieland: Double Tap Trailer #1 (2019) | Movieclips Trailers,https://www.youtube.com/watch?v=YghZVENrn3Q&list=PLScC8g4bqD47QYmsgs_FBzcNvi3PPt2Ev&index=3&t=0s,i want another cool moment like when Tallahassee caged himself with 2 pistols.,1 week ago,54,13,pos
11,Zombieland: Double Tap Trailer #1 (2019) | Movieclips Trailers,https://www.youtube.com/watch?v=YghZVENrn3Q&list=PLScC8g4bqD47QYmsgs_FBzcNvi3PPt2Ev&index=3&t=0s,Is he still looking for twinkies even after 10 years?,1 week ago,51,13,neg
12,Zombieland: Double Tap Trailer #1 (2019) | Movieclips Trailers,https://www.youtube.com/watch?v=YghZVENrn3Q&list=PLScC8g4bqD47QYmsgs_FBzcNvi3PPt2Ev&index=3&t=0s,The original cast is back üîùüîù,1 week ago,26,13,pos
13,Zombieland: Double Tap Trailer #1 (2019) | Movieclips Trailers,https://www.youtube.com/watch?v=YghZVENrn3Q&list=PLScC8g4bqD47QYmsgs_FBzcNvi3PPt2Ev&index=3&t=0s,"RULE #99:  When you see a notification for Zombieland 2 trailer, you immediately watch it!",1 week ago,24,13,pos
14,Zombieland: Double Tap Trailer #1 (2019) | Movieclips Trailers,https://www.youtube.com/watch?v=YghZVENrn3Q&list=PLScC8g4bqD47QYmsgs_FBzcNvi3PPt2Ev&index=3&t=0s,Forget MCU phase 4. This really 'Put a smile on my face'.,1 week ago,62,13,pos
15,Zombieland: Double Tap Trailer #1 (2019) | Movieclips Trailers,https://www.youtube.com/watch?v=YghZVENrn3Q&list=PLScC8g4bqD47QYmsgs_FBzcNvi3PPt2Ev&index=3&t=0s,The last part of the trailer reminded me of Shaun of the dead when they saw those 2 look alike groups,1 week ago,9,13,pos
16,Zombieland: Double Tap Trailer #1 (2019) | Movieclips Trailers,https://www.youtube.com/watch?v=YghZVENrn3Q&list=PLScC8g4bqD47QYmsgs_FBzcNvi3PPt2Ev&index=3&t=0s,It comes out on my birthday üòÅüò≠,1 week ago,60,13,pos
17,Zombieland: Double Tap Trailer #1 (2019) | Movieclips Trailers,https://www.youtube.com/watch?v=YghZVENrn3Q&list=PLScC8g4bqD47QYmsgs_FBzcNvi3PPt2Ev&index=3&t=0s,Columbus' look a like should have been Michael Cera huge missed oppurtunity,1 week ago,9,13,neg
18,Zombieland: Double Tap Trailer #1 (2019) | Movieclips Trailers,https://www.youtube.com/watch?v=YghZVENrn3Q&list=PLScC8g4bqD47QYmsgs_FBzcNvi3PPt2Ev&index=3&t=0s,"Man kindergarten was crazy, this brings back flashbacks.




Still can‚Äôt wait for this damn movie.",1 week ago (edited),47,13,pos
19,Zombieland: Double Tap Trailer #1 (2019) | Movieclips Trailers,https://www.youtube.com/watch?v=YghZVENrn3Q&list=PLScC8g4bqD47QYmsgs_FBzcNvi3PPt2Ev&index=3&t=0s,Damn who they gonna kill this time.,1 week ago,38,13,neg
20,Zombieland: Double Tap Trailer #1 (2019) | Movieclips Trailers,https://www.youtube.com/watch?v=YghZVENrn3Q&list=PLScC8g4bqD47QYmsgs_FBzcNvi3PPt2Ev&index=3&t=0s,Is it just me or Jese Eisenberg looks the same on every movie?,1 week ago (edited),13,13,neg
21,Zombieland: Double Tap Trailer #1 (2019) | Movieclips Trailers,https://www.youtube.com/watch?v=YghZVENrn3Q&list=PLScC8g4bqD47QYmsgs_FBzcNvi3PPt2Ev&index=3&t=0s,"I come to understand I would watch anything with AC/DC as soundtrack, it is just too much for my heart ^^",1 week ago,17,13,neg
22,Zombieland: Double Tap Trailer #1 (2019) | Movieclips Trailers,https://www.youtube.com/watch?v=YghZVENrn3Q&list=PLScC8g4bqD47QYmsgs_FBzcNvi3PPt2Ev&index=3&t=0s,Wow seeing Emma Stone like a badass üí™üî•üòé that's make me love her more than everyday I grow my heart,1 week ago,6,13,pos
23,Zombieland: Double Tap Trailer #1 (2019) | Movieclips Trailers,https://www.youtube.com/watch?v=YghZVENrn3Q&list=PLScC8g4bqD47QYmsgs_FBzcNvi3PPt2Ev&index=3&t=0s,"Double Tap let's gooo!!! 
I L.O.V.E. the series 
I still remember ""Stupid little twinkies and he flipped out üëèüëèüëèüëèüëç
I love everyone ,little Rock, Witchchita, Tallahassee, Bill Murry ..üìΩüéûüé•üìπüìºüì∫
best part was when they played  the Soundtrack Two of the Lucky ones!",1 week ago,2,13,pos
24,Zombieland: Double Tap Trailer #1 (2019) | Movieclips Trailers,https://www.youtube.com/watch?v=YghZVENrn3Q&list=PLScC8g4bqD47QYmsgs_FBzcNvi3PPt2Ev&index=3&t=0s,"And they still don't know what ""double tap"" means.",1 week ago,1,13,neg
25,Zombieland: Double Tap Trailer #1 (2019) | Movieclips Trailers,https://www.youtube.com/watch?v=YghZVENrn3Q&list=PLScC8g4bqD47QYmsgs_FBzcNvi3PPt2Ev&index=3&t=0s,"They stuck to the rules
Rule 2: The Double Tap",1 week ago,1,13,neg
26,Zombieland: Double Tap Trailer #1 (2019) | Movieclips Trailers,https://www.youtube.com/watch?v=YghZVENrn3Q&list=PLScC8g4bqD47QYmsgs_FBzcNvi3PPt2Ev&index=3&t=0s,"In a zombie world, you can count on zombies to run power plants.  

Thank you zombies for your service in a hard time like this.",1 week ago,4,13,pos
27,Zombieland: Double Tap Trailer #1 (2019) | Movieclips Trailers,https://www.youtube.com/watch?v=YghZVENrn3Q&list=PLScC8g4bqD47QYmsgs_FBzcNvi3PPt2Ev&index=3&t=0s,"Dude, I was JUST thinking about when the Zombieland 2 trailer was gonna drop.


Also, Avan Jogia omg!!! <3<3",1 week ago,0,13,neg
28,Zombieland: Double Tap Trailer #1 (2019) | Movieclips Trailers,https://www.youtube.com/watch?v=YghZVENrn3Q&list=PLScC8g4bqD47QYmsgs_FBzcNvi3PPt2Ev&index=3&t=0s,"oh my Stone heart. I so miss you, Emma!!!",1 week ago,1,13,pos
29,Zombieland: Double Tap Trailer #1 (2019) | Movieclips Trailers,https://www.youtube.com/watch?v=YghZVENrn3Q&list=PLScC8g4bqD47QYmsgs_FBzcNvi3PPt2Ev&index=3&t=0s,Lol the ending pretty much borrowing a scene from Shaun of the dead where your relatives has the same type of sidekicks in the group,1 week ago,1,13,neg
30,Zombieland: Double Tap Trailer #1 (2019) | Movieclips Trailers,https://www.youtube.com/watch?v=YghZVENrn3Q&list=PLScC8g4bqD47QYmsgs_FBzcNvi3PPt2Ev&index=3&t=0s,A sequel what have they found another stash of twinkies ?,1 day ago,0,2,neg
31,Zombieland: Double Tap Trailer #1 (2019) | Movieclips Trailers,https://www.youtube.com/watch?v=YghZVENrn3Q&list=PLScC8g4bqD47QYmsgs_FBzcNvi3PPt2Ev&index=3&t=0s,It's great to see how they find other survivors that they might fight or get to know. Keep it up!,1 week ago,0,13,pos
32,Zombieland: Double Tap Trailer #1 (2019) | Movieclips Trailers,https://www.youtube.com/watch?v=YghZVENrn3Q&list=PLScC8g4bqD47QYmsgs_FBzcNvi3PPt2Ev&index=3&t=0s,"Am I hallucinating?!

Oh yeah, the zombiegang is back for business ü§ò",1 week ago,0,13,neg
33,Zombieland: Double Tap Trailer #1 (2019) | Movieclips Trailers,https://www.youtube.com/watch?v=YghZVENrn3Q&list=PLScC8g4bqD47QYmsgs_FBzcNvi3PPt2Ev&index=3&t=0s,Yes yes I loved the first one thank u hollywood for makeing a second one,1 week ago,0,13,pos
34,Zombieland: Double Tap Trailer #1 (2019) | Movieclips Trailers,https://www.youtube.com/watch?v=YghZVENrn3Q&list=PLScC8g4bqD47QYmsgs_FBzcNvi3PPt2Ev&index=3&t=0s,"From the Studio that brought you best picture Oscar winners
 From Here To Eternity and
 Bridge On The River Kwai‚Ä¶",1 week ago,3,13,pos
35,Zombieland: Double Tap Trailer #1 (2019) | Movieclips Trailers,https://www.youtube.com/watch?v=YghZVENrn3Q&list=PLScC8g4bqD47QYmsgs_FBzcNvi3PPt2Ev&index=3&t=0s,everything is better with an AC/DC song in it :-),1 week ago,1,13,pos
36,Zombieland: Double Tap Trailer #1 (2019) | Movieclips Trailers,https://www.youtube.com/watch?v=YghZVENrn3Q&list=PLScC8g4bqD47QYmsgs_FBzcNvi3PPt2Ev&index=3&t=0s,"Didn't know I needed This!!
Looks Great üëç‚ò∫",1 week ago,1,13,pos
37,Zombieland: Double Tap Trailer #1 (2019) | Movieclips Trailers,https://www.youtube.com/watch?v=YghZVENrn3Q&list=PLScC8g4bqD47QYmsgs_FBzcNvi3PPt2Ev&index=3&t=0s,Looking forward to see what Thomas Middleditch is gonna bring :D,1 week ago,0,13,pos
38,Zombieland: Double Tap Trailer #1 (2019) | Movieclips Trailers,https://www.youtube.com/watch?v=YghZVENrn3Q&list=PLScC8g4bqD47QYmsgs_FBzcNvi3PPt2Ev&index=3&t=0s,I am way more excited about this than I should be !!! Yeeeee!!!!,1 week ago,0,13,pos
39,Zombieland: Double Tap Trailer #1 (2019) | Movieclips Trailers,https://www.youtube.com/watch?v=YghZVENrn3Q&list=PLScC8g4bqD47QYmsgs_FBzcNvi3PPt2Ev&index=3&t=0s,When Gabe will release Left 4 Dead 2+1??,1 week ago (edited),0,13,neg
40,Zombieland: Double Tap Trailer #1 (2019) | Movieclips Trailers,https://www.youtube.com/watch?v=YghZVENrn3Q&list=PLScC8g4bqD47QYmsgs_FBzcNvi3PPt2Ev&index=3&t=0s,"It's been a while......


But I think it will be worth it!",1 week ago (edited),12,13,pos
41,Zombieland: Double Tap Trailer #1 (2019) | Movieclips Trailers,https://www.youtube.com/watch?v=YghZVENrn3Q&list=PLScC8g4bqD47QYmsgs_FBzcNvi3PPt2Ev&index=3&t=0s,"I was seven when this movie came out and I first watched it, and now I'm almost a legal adult.

Hehehehehehe",1 week ago,0,13,pos
42,Zombieland: Double Tap Trailer #1 (2019) | Movieclips Trailers,https://www.youtube.com/watch?v=YghZVENrn3Q&list=PLScC8g4bqD47QYmsgs_FBzcNvi3PPt2Ev&index=3&t=0s,THANKS UNIVERSE!,1 week ago,1,13,pos
43,Zombieland: Double Tap Trailer #1 (2019) | Movieclips Trailers,https://www.youtube.com/watch?v=YghZVENrn3Q&list=PLScC8g4bqD47QYmsgs_FBzcNvi3PPt2Ev&index=3&t=0s,"Contractual Obligation: The Movie




love this cast but this just feels tired",1 week ago (edited),0,13,neg
44,Zombieland: Double Tap Trailer #1 (2019) | Movieclips Trailers,https://www.youtube.com/watch?v=YghZVENrn3Q&list=PLScC8g4bqD47QYmsgs_FBzcNvi3PPt2Ev&index=3&t=0s,"bruh its beck
things went south after hollywood arts",1 week ago (edited),0,13,neg
45,Zombieland: Double Tap Trailer #1 (2019) | Movieclips Trailers,https://www.youtube.com/watch?v=YghZVENrn3Q&list=PLScC8g4bqD47QYmsgs_FBzcNvi3PPt2Ev&index=3&t=0s,the academy award mentions are so hilarious! they're all in a horror comedy together it;s as if they wasted their talents for this LOL,1 week ago,0,13,pos
46,Zombieland: Double Tap Trailer #1 (2019) | Movieclips Trailers,https://www.youtube.com/watch?v=YghZVENrn3Q&list=PLScC8g4bqD47QYmsgs_FBzcNvi3PPt2Ev&index=3&t=0s,"You'll get good results in August 




Like to activate",1 week ago,20,13,pos
47,Zombieland: Double Tap Trailer #1 (2019) | Movieclips Trailers,https://www.youtube.com/watch?v=YghZVENrn3Q&list=PLScC8g4bqD47QYmsgs_FBzcNvi3PPt2Ev&index=3&t=0s,If they got thomas middleditch just for that one joke i am... i am.. not even mad about it. Love it,1 week ago,0,13,pos
48,Zombieland: Double Tap Trailer #1 (2019) | Movieclips Trailers,https://www.youtube.com/watch?v=YghZVENrn3Q&list=PLScC8g4bqD47QYmsgs_FBzcNvi3PPt2Ev&index=3&t=0s,When Emma stone has 0 recoil on any gun,1 week ago,1,13,neg
49,Zombieland: Double Tap Trailer #1 (2019) | Movieclips Trailers,https://www.youtube.com/watch?v=YghZVENrn3Q&list=PLScC8g4bqD47QYmsgs_FBzcNvi3PPt2Ev&index=3&t=0s,"Any time you need a good movie trailer, throw some ACDC on the soundtrack üëç",1 week ago,0,13,neg
50,Zombieland: Double Tap Trailer #1 (2019) | Movieclips Trailers,https://www.youtube.com/watch?v=YghZVENrn3Q&list=PLScC8g4bqD47QYmsgs_FBzcNvi3PPt2Ev&index=3&t=0s,Abigail Breslin sounds like my hottest aunt.,5 days ago,0,6,pos
51,Zombieland: Double Tap Trailer #1 (2019) | Movieclips Trailers,https://www.youtube.com/watch?v=YghZVENrn3Q&list=PLScC8g4bqD47QYmsgs_FBzcNvi3PPt2Ev&index=3&t=0s,Excited to see this but concerned it will fall flat if these scenes don't come together well on screen,4 days ago,0,5,pos
52,Zombieland: Double Tap Trailer #1 (2019) | Movieclips Trailers,https://www.youtube.com/watch?v=YghZVENrn3Q&list=PLScC8g4bqD47QYmsgs_FBzcNvi3PPt2Ev&index=3&t=0s,Hell yeah! The first one was great. This trailer is lookin good!,1 week ago,0,13,pos
53,Zombieland: Double Tap Trailer #1 (2019) | Movieclips Trailers,https://www.youtube.com/watch?v=YghZVENrn3Q&list=PLScC8g4bqD47QYmsgs_FBzcNvi3PPt2Ev&index=3&t=0s,Omg Luke wilsonü•∞üòçüëç This is looking awesome!,1 week ago,4,13,pos
54,Zombieland: Double Tap Trailer #1 (2019) | Movieclips Trailers,https://www.youtube.com/watch?v=YghZVENrn3Q&list=PLScC8g4bqD47QYmsgs_FBzcNvi3PPt2Ev&index=3&t=0s,Trailer. Nailed it. Don't let me down.,Joker Productions,2,0,pos
55,Zombieland: Double Tap Trailer #1 (2019) | Movieclips Trailers,https://www.youtube.com/watch?v=YghZVENrn3Q&list=PLScC8g4bqD47QYmsgs_FBzcNvi3PPt2Ev&index=3&t=0s,Long overdue but I‚Äôm happy it‚Äôs here. ü•∞,1 week ago,0,13,pos
56,Zombieland: Double Tap Trailer #1 (2019) | Movieclips Trailers,https://www.youtube.com/watch?v=YghZVENrn3Q&list=PLScC8g4bqD47QYmsgs_FBzcNvi3PPt2Ev&index=3&t=0s,"Is anyone else like why tf do they all still look literally the same, like they haven‚Äôt aged a dayüíÄ",1 week ago,0,13,neg
57,Zombieland: Double Tap Trailer #1 (2019) | Movieclips Trailers,https://www.youtube.com/watch?v=YghZVENrn3Q&list=PLScC8g4bqD47QYmsgs_FBzcNvi3PPt2Ev&index=3&t=0s,"of course you look like a kind of guy that brings weed, YOU CAME FROM A NICKELODEON SHOW.",1 week ago,0,13,neg
58,Zombieland: Double Tap Trailer #1 (2019) | Movieclips Trailers,https://www.youtube.com/watch?v=YghZVENrn3Q&list=PLScC8g4bqD47QYmsgs_FBzcNvi3PPt2Ev&index=3&t=0s,iron man entry song from avengers 2012,1 day ago,0,2,pos
59,Zombieland: Double Tap Trailer #1 (2019) | Movieclips Trailers,https://www.youtube.com/watch?v=YghZVENrn3Q&list=PLScC8g4bqD47QYmsgs_FBzcNvi3PPt2Ev&index=3&t=0s,This puts a smile on my face.,1 week ago,1,13,pos
60,Zombieland: Double Tap Trailer #1 (2019) | Movieclips Trailers,https://www.youtube.com/watch?v=YghZVENrn3Q&list=PLScC8g4bqD47QYmsgs_FBzcNvi3PPt2Ev&index=3&t=0s,"Oh god I really hope this entire movies doesnt revolve around cliche love triangles, nonetheless I'm happy to see all of them back on screen together",1 week ago,0,13,pos
61,Zombieland: Double Tap Trailer #1 (2019) | Movieclips Trailers,https://www.youtube.com/watch?v=YghZVENrn3Q&list=PLScC8g4bqD47QYmsgs_FBzcNvi3PPt2Ev&index=3&t=0s,Tallahassee would make a perfect president,1 week ago,1,13,pos
62,Zombieland: Double Tap Trailer #1 (2019) | Movieclips Trailers,https://www.youtube.com/watch?v=YghZVENrn3Q&list=PLScC8g4bqD47QYmsgs_FBzcNvi3PPt2Ev&index=3&t=0s,Wait Zoey Dutch,1 week ago,1,13,neg
63,Zombieland: Double Tap Trailer #1 (2019) | Movieclips Trailers,https://www.youtube.com/watch?v=YghZVENrn3Q&list=PLScC8g4bqD47QYmsgs_FBzcNvi3PPt2Ev&index=3&t=0s,YES!!!!! The Zombieland Double Tap trailer finally came out! ü§ôü§ôü§ô,1 week ago,2,13,pos
64,Zombieland: Double Tap Trailer #1 (2019) | Movieclips Trailers,https://www.youtube.com/watch?v=YghZVENrn3Q&list=PLScC8g4bqD47QYmsgs_FBzcNvi3PPt2Ev&index=3&t=0s,OMG. YES. YEESS. YEEEEESSS!!! I need to see this looks brilliant!,1 week ago,1,13,pos
65,Zombieland: Double Tap Trailer #1 (2019) | Movieclips Trailers,https://www.youtube.com/watch?v=YghZVENrn3Q&list=PLScC8g4bqD47QYmsgs_FBzcNvi3PPt2Ev&index=3&t=0s,Though this was gonna be about Zombies? Apparently not.,1 week ago,0,13,neg
66,Zombieland: Double Tap Trailer #1 (2019) | Movieclips Trailers,https://www.youtube.com/watch?v=YghZVENrn3Q&list=PLScC8g4bqD47QYmsgs_FBzcNvi3PPt2Ev&index=3&t=0s,"This seems unnecessary and yet, I'm intrigued!",1 week ago,0,13,pos
67,Zombieland: Double Tap Trailer #1 (2019) | Movieclips Trailers,https://www.youtube.com/watch?v=YghZVENrn3Q&list=PLScC8g4bqD47QYmsgs_FBzcNvi3PPt2Ev&index=3&t=0s,The way Madison greets Columbus is so adorable,1 week ago,0,13,pos
68,Zombieland: Double Tap Trailer #1 (2019) | Movieclips Trailers,https://www.youtube.com/watch?v=YghZVENrn3Q&list=PLScC8g4bqD47QYmsgs_FBzcNvi3PPt2Ev&index=3&t=0s,Uhhhh I'm nervous it's gonna be terrible,1 week ago,1,13,neg
69,Zombieland: Double Tap Trailer #1 (2019) | Movieclips Trailers,https://www.youtube.com/watch?v=YghZVENrn3Q&list=PLScC8g4bqD47QYmsgs_FBzcNvi3PPt2Ev&index=3&t=0s,"Zombieland 1 was SO GOOD, I went to watch it with like 20 other friends.

I hope pt 2 can live up to the hype of pt 1!


We waited a decade long for this!",1 week ago,1,13,pos
70,Zombieland: Double Tap Trailer #1 (2019) | Movieclips Trailers,https://www.youtube.com/watch?v=YghZVENrn3Q&list=PLScC8g4bqD47QYmsgs_FBzcNvi3PPt2Ev&index=3&t=0s,WELL.....its about f&%king TIME!! I just finished telling my daughter last night while we were cruzing through Netflix that THIS was the best Zombie movie EVER....and despite the fact that she hates zombie movies....I'm going to FORCE her to watch this one because she will love it lol. Now THIS is just the cherry on top! üòä,1 week ago (edited),2,13,pos
71,Zombieland: Double Tap Trailer #1 (2019) | Movieclips Trailers,https://www.youtube.com/watch?v=YghZVENrn3Q&list=PLScC8g4bqD47QYmsgs_FBzcNvi3PPt2Ev&index=3&t=0s,I never clicked so fast IN MY LIFEE . IM SO READYY,1 week ago,1,13,pos
72,Zombieland: Double Tap Trailer #1 (2019) | Movieclips Trailers,https://www.youtube.com/watch?v=YghZVENrn3Q&list=PLScC8g4bqD47QYmsgs_FBzcNvi3PPt2Ev&index=3&t=0s,The sequel and comedy. Oh you never fail to impress Zombieland.,1 week ago,0,13,pos
73,Zombieland: Double Tap Trailer #1 (2019) | Movieclips Trailers,https://www.youtube.com/watch?v=YghZVENrn3Q&list=PLScC8g4bqD47QYmsgs_FBzcNvi3PPt2Ev&index=3&t=0s,"Emma Stone : All zombie movies are scary af..
Woody Harrelson : Hold my beer, please...",1 week ago,2,13,neg
74,Zombieland: Double Tap Trailer #1 (2019) | Movieclips Trailers,https://www.youtube.com/watch?v=YghZVENrn3Q&list=PLScC8g4bqD47QYmsgs_FBzcNvi3PPt2Ev&index=3&t=0s,"A family.
So he want to do his sister",1 week ago,0,13,pos
75,Zombieland: Double Tap Trailer #1 (2019) | Movieclips Trailers,https://www.youtube.com/watch?v=YghZVENrn3Q&list=PLScC8g4bqD47QYmsgs_FBzcNvi3PPt2Ev&index=3&t=0s,I'm getting fed up with Jesse Eisenberg flexing on us mortals by not aging,5 days ago,0,6,neg
76,Zombieland: Double Tap Trailer #1 (2019) | Movieclips Trailers,https://www.youtube.com/watch?v=YghZVENrn3Q&list=PLScC8g4bqD47QYmsgs_FBzcNvi3PPt2Ev&index=3&t=0s,Cod zombies double tap root beer?,1 day ago,0,2,neg
77,Zombieland: Double Tap Trailer #1 (2019) | Movieclips Trailers,https://www.youtube.com/watch?v=YghZVENrn3Q&list=PLScC8g4bqD47QYmsgs_FBzcNvi3PPt2Ev&index=3&t=0s,Ok. I can't wait to see this. I've waited 10 years for this?,1 week ago,3,13,pos
78,Zombieland: Double Tap Trailer #1 (2019) | Movieclips Trailers,https://www.youtube.com/watch?v=YghZVENrn3Q&list=PLScC8g4bqD47QYmsgs_FBzcNvi3PPt2Ev&index=3&t=0s,it should have been Michael Cera @ 2:13 -- that would have been perfect.,1 week ago,1,13,neg
79,Zombieland: Double Tap Trailer #1 (2019) | Movieclips Trailers,https://www.youtube.com/watch?v=YghZVENrn3Q&list=PLScC8g4bqD47QYmsgs_FBzcNvi3PPt2Ev&index=3&t=0s,Im SO excited for this...even though it'll probably be bad :c,1 week ago,0,13,pos
80,Zombieland: Double Tap Trailer #1 (2019) | Movieclips Trailers,https://www.youtube.com/watch?v=YghZVENrn3Q&list=PLScC8g4bqD47QYmsgs_FBzcNvi3PPt2Ev&index=3&t=0s,another sequel...yay...thanks Hollywood!,1 week ago,0,13,pos
81,Zombieland: Double Tap Trailer #1 (2019) | Movieclips Trailers,https://www.youtube.com/watch?v=YghZVENrn3Q&list=PLScC8g4bqD47QYmsgs_FBzcNvi3PPt2Ev&index=3&t=0s,"Zomilend one, of the, most underrated movies in recent history",1 week ago,0,13,pos
82,Zombieland: Double Tap Trailer #1 (2019) | Movieclips Trailers,https://www.youtube.com/watch?v=YghZVENrn3Q&list=PLScC8g4bqD47QYmsgs_FBzcNvi3PPt2Ev&index=3&t=0s,"When you Double Tap, you also need to reload",1 week ago,0,13,pos
83,Zombieland: Double Tap Trailer #1 (2019) | Movieclips Trailers,https://www.youtube.com/watch?v=YghZVENrn3Q&list=PLScC8g4bqD47QYmsgs_FBzcNvi3PPt2Ev&index=3&t=0s,"one step forward, three steps backwards, emma stone and woody...",1 week ago,0,13,pos
84,Zombieland: Double Tap Trailer #1 (2019) | Movieclips Trailers,https://www.youtube.com/watch?v=YghZVENrn3Q&list=PLScC8g4bqD47QYmsgs_FBzcNvi3PPt2Ev&index=3&t=0s,The original left off on such a good note. I hope they wont ruin this one!,1 week ago,0,13,pos
85,Zombieland: Double Tap Trailer #1 (2019) | Movieclips Trailers,https://www.youtube.com/watch?v=YghZVENrn3Q&list=PLScC8g4bqD47QYmsgs_FBzcNvi3PPt2Ev&index=3&t=0s,"IDK the humor kinda fell flat for me, I have high hopes though!",1 week ago,0,13,neg
86,Zombieland: Double Tap Trailer #1 (2019) | Movieclips Trailers,https://www.youtube.com/watch?v=YghZVENrn3Q&list=PLScC8g4bqD47QYmsgs_FBzcNvi3PPt2Ev&index=3&t=0s,Where are the zombies?üò∂,1 week ago,1,13,neg
87,Zombieland: Double Tap Trailer #1 (2019) | Movieclips Trailers,https://www.youtube.com/watch?v=YghZVENrn3Q&list=PLScC8g4bqD47QYmsgs_FBzcNvi3PPt2Ev&index=3&t=0s,FINALLY HERE WE GO.BEEN WAITING FOR CENTURY,1 week ago,0,13,pos
88,Zombieland: Double Tap Trailer #1 (2019) | Movieclips Trailers,https://www.youtube.com/watch?v=YghZVENrn3Q&list=PLScC8g4bqD47QYmsgs_FBzcNvi3PPt2Ev&index=3&t=0s,"FINALLY!!! After 10 years, we FINALLY have MORE Zombieland. I‚Äôm so excited for this.",1 week ago,4,13,pos
89,Zombieland: Double Tap Trailer #1 (2019) | Movieclips Trailers,https://www.youtube.com/watch?v=YghZVENrn3Q&list=PLScC8g4bqD47QYmsgs_FBzcNvi3PPt2Ev&index=3&t=0s,I think it will be a nice film üëåüèªüëèüèªüëèüèª,1 week ago,0,13,pos
90,Zombieland: Double Tap Trailer #1 (2019) | Movieclips Trailers,https://www.youtube.com/watch?v=YghZVENrn3Q&list=PLScC8g4bqD47QYmsgs_FBzcNvi3PPt2Ev&index=3&t=0s,The end of this trailer is just like that one scene from Shaun of the Dead,1 week ago,0,13,neg
91,Zombieland: Double Tap Trailer #1 (2019) | Movieclips Trailers,https://www.youtube.com/watch?v=YghZVENrn3Q&list=PLScC8g4bqD47QYmsgs_FBzcNvi3PPt2Ev&index=3&t=0s,I'd come back from the dead to see this majestic looking shoot-fest!!!,1 week ago,1,13,pos
92,Zombieland: Double Tap Trailer #1 (2019) | Movieclips Trailers,https://www.youtube.com/watch?v=YghZVENrn3Q&list=PLScC8g4bqD47QYmsgs_FBzcNvi3PPt2Ev&index=3&t=0s,"OMG!!! I remember watching this when I was in school, can't wait for the sequel",1 week ago (edited),0,13,pos
93,Zombieland: Double Tap Trailer #1 (2019) | Movieclips Trailers,https://www.youtube.com/watch?v=YghZVENrn3Q&list=PLScC8g4bqD47QYmsgs_FBzcNvi3PPt2Ev&index=3&t=0s,This is the most excited I've been for a movie in a long time!,1 week ago,0,13,pos
94,Zombieland: Double Tap Trailer #1 (2019) | Movieclips Trailers,https://www.youtube.com/watch?v=YghZVENrn3Q&list=PLScC8g4bqD47QYmsgs_FBzcNvi3PPt2Ev&index=3&t=0s,I WANT THE OLD HAILEE STEINFELD LOOK (WITH THE HEAVY EYE LINERS ON + FULL BANGS) BACK EMMA STONE!!! üò≠üò≠üò≠,1 week ago,1,13,neg
95,Zombieland: Double Tap Trailer #1 (2019) | Movieclips Trailers,https://www.youtube.com/watch?v=YghZVENrn3Q&list=PLScC8g4bqD47QYmsgs_FBzcNvi3PPt2Ev&index=3&t=0s,"""DOUBLE TAP? OOOH RAAAAH""",1 week ago,0,13,neg
96,Zombieland: Double Tap Trailer #1 (2019) | Movieclips Trailers,https://www.youtube.com/watch?v=YghZVENrn3Q&list=PLScC8g4bqD47QYmsgs_FBzcNvi3PPt2Ev&index=3&t=0s,I didn't watch the whole trailer because sometimes the producer asks ‚ÄúWhat should we use for the trailer?‚Äù and the Director replies ‚ÄúThe whole movie.‚Äù,1 week ago,0,13,neg
97,Zombieland: Double Tap Trailer #1 (2019) | Movieclips Trailers,https://www.youtube.com/watch?v=YghZVENrn3Q&list=PLScC8g4bqD47QYmsgs_FBzcNvi3PPt2Ev&index=3&t=0s,Wait .... Woody ain't win a Oscar? Why is no one talking about this!,1 week ago,0,13,neg
98,Zombieland: Double Tap Trailer #1 (2019) | Movieclips Trailers,https://www.youtube.com/watch?v=YghZVENrn3Q&list=PLScC8g4bqD47QYmsgs_FBzcNvi3PPt2Ev&index=3&t=0s,"After so long, let's go!

PS Emma Stone!",1 week ago,0,13,pos
99,Zombieland: Double Tap Trailer #1 (2019) | Movieclips Trailers,https://www.youtube.com/watch?v=YghZVENrn3Q&list=PLScC8g4bqD47QYmsgs_FBzcNvi3PPt2Ev&index=3&t=0s,"Lex Luthor, Gwen Stacy, Carnage, and Bo Hess coming together for a zombie kill run.",1 week ago,1,13,pos
100,Zombieland: Double Tap Trailer #1 (2019) | Movieclips Trailers,https://www.youtube.com/watch?v=YghZVENrn3Q&list=PLScC8g4bqD47QYmsgs_FBzcNvi3PPt2Ev&index=3&t=0s,I have ZERO doubts about this. üòÉüëç,1 week ago,0,13,pos
101,Zombieland: Double Tap Trailer #1 (2019) | Movieclips Trailers,https://www.youtube.com/watch?v=YghZVENrn3Q&list=PLScC8g4bqD47QYmsgs_FBzcNvi3PPt2Ev&index=3&t=0s,I hope & pray this doesn't disappoint. Trailer looks amazing and it gets better the more you watch it.,1 week ago (edited),0,13,pos
102,Zombieland: Double Tap Trailer #1 (2019) | Movieclips Trailers,https://www.youtube.com/watch?v=YghZVENrn3Q&list=PLScC8g4bqD47QYmsgs_FBzcNvi3PPt2Ev&index=3&t=0s,"I Got A Hankering 
For Some Of Those Cream Filled Golden Sponge Cake 
Delightful Goodies Bout Now",1 week ago (edited),1,13,pos
103,Zombieland: Double Tap Trailer #1 (2019) | Movieclips Trailers,https://www.youtube.com/watch?v=YghZVENrn3Q&list=PLScC8g4bqD47QYmsgs_FBzcNvi3PPt2Ev&index=3&t=0s,I already want a part 3 damn it this looks great,1 week ago,0,13,pos
104,Zombieland: Double Tap Trailer #1 (2019) | Movieclips Trailers,https://www.youtube.com/watch?v=YghZVENrn3Q&list=PLScC8g4bqD47QYmsgs_FBzcNvi3PPt2Ev&index=3&t=0s,Why is he holding the wheat like Maximus?,1 week ago,1,13,neg
105,Zombieland: Double Tap Trailer #1 (2019) | Movieclips Trailers,https://www.youtube.com/watch?v=YghZVENrn3Q&list=PLScC8g4bqD47QYmsgs_FBzcNvi3PPt2Ev&index=3&t=0s,that dubble ganger part is so stolen from shaun of the death...,1 week ago,6,13,neg
106,Zombieland: Double Tap Trailer #1 (2019) | Movieclips Trailers,https://www.youtube.com/watch?v=YghZVENrn3Q&list=PLScC8g4bqD47QYmsgs_FBzcNvi3PPt2Ev&index=3&t=0s,"The action looks great, but those jokes were horrid. I hope to goodness this is good",1 week ago,0,13,neg
107,Zombieland: Double Tap Trailer #1 (2019) | Movieclips Trailers,https://www.youtube.com/watch?v=YghZVENrn3Q&list=PLScC8g4bqD47QYmsgs_FBzcNvi3PPt2Ev&index=3&t=0s,The first one with metallica and the second with acdc cool,1 week ago,2,13,pos
108,Zombieland: Double Tap Trailer #1 (2019) | Movieclips Trailers,https://www.youtube.com/watch?v=YghZVENrn3Q&list=PLScC8g4bqD47QYmsgs_FBzcNvi3PPt2Ev&index=3&t=0s,from La La Land to Zombieland,1 week ago,0,13,pos
109,Zombieland: Double Tap Trailer #1 (2019) | Movieclips Trailers,https://www.youtube.com/watch?v=YghZVENrn3Q&list=PLScC8g4bqD47QYmsgs_FBzcNvi3PPt2Ev&index=3&t=0s,Luke Wilson!? That was unexpected.,1 week ago,0,13,pos
110,Zombieland: Double Tap Trailer #1 (2019) | Movieclips Trailers,https://www.youtube.com/watch?v=YghZVENrn3Q&list=PLScC8g4bqD47QYmsgs_FBzcNvi3PPt2Ev&index=3&t=0s,Yesss I been waiting for this.,1 week ago,0,13,pos
111,Zombieland: Double Tap Trailer #1 (2019) | Movieclips Trailers,https://www.youtube.com/watch?v=YghZVENrn3Q&list=PLScC8g4bqD47QYmsgs_FBzcNvi3PPt2Ev&index=3&t=0s,"Columbus, Tallahassee,Wichita and Little Rock are even more badass as a team TIME TO NUT UP OR SHUT UP",1 week ago,0,13,neg
112,Zombieland: Double Tap Trailer #1 (2019) | Movieclips Trailers,https://www.youtube.com/watch?v=YghZVENrn3Q&list=PLScC8g4bqD47QYmsgs_FBzcNvi3PPt2Ev&index=3&t=0s,IT TOOK YOU GUYS LONG ENOUGH! Hell yes!,1 week ago,0,13,neg
113,Zombieland: Double Tap Trailer #1 (2019) | Movieclips Trailers,https://www.youtube.com/watch?v=YghZVENrn3Q&list=PLScC8g4bqD47QYmsgs_FBzcNvi3PPt2Ev&index=3&t=0s,Thank you. Nuff said,1 week ago,0,13,pos
114,Zombieland: Double Tap Trailer #1 (2019) | Movieclips Trailers,https://www.youtube.com/watch?v=YghZVENrn3Q&list=PLScC8g4bqD47QYmsgs_FBzcNvi3PPt2Ev&index=3&t=0s,For a second I thought this was fanmade. Jesse Eisenberg looks exactly the same. WTF,1 week ago,0,13,pos
115,Zombieland: Double Tap Trailer #1 (2019) | Movieclips Trailers,https://www.youtube.com/watch?v=YghZVENrn3Q&list=PLScC8g4bqD47QYmsgs_FBzcNvi3PPt2Ev&index=3&t=0s,Did anyone else also click on the notification for this trailer soon as it popped up on your phone?,1 week ago (edited),23,13,neg
116,Zombieland: Double Tap Trailer #1 (2019) | Movieclips Trailers,https://www.youtube.com/watch?v=YghZVENrn3Q&list=PLScC8g4bqD47QYmsgs_FBzcNvi3PPt2Ev&index=3&t=0s,Mehhhhh this trailer is the equivalent of Hot Tub Time Machine 2,1 week ago,0,13,neg
117,Zombieland: Double Tap Trailer #1 (2019) | Movieclips Trailers,https://www.youtube.com/watch?v=YghZVENrn3Q&list=PLScC8g4bqD47QYmsgs_FBzcNvi3PPt2Ev&index=3&t=0s,"I‚Äôve been waiting for so long, this brings tears of joy",1 week ago,0,13,pos
118,Zombieland: Double Tap Trailer #1 (2019) | Movieclips Trailers,https://www.youtube.com/watch?v=YghZVENrn3Q&list=PLScC8g4bqD47QYmsgs_FBzcNvi3PPt2Ev&index=3&t=0s,I might‚Äôve peed myself my favorite comedy getting a sequel that I‚Äôm happy for,1 week ago,0,13,neg
119,Zombieland: Double Tap Trailer #1 (2019) | Movieclips Trailers,https://www.youtube.com/watch?v=YghZVENrn3Q&list=PLScC8g4bqD47QYmsgs_FBzcNvi3PPt2Ev&index=3&t=0s,I can't believe nobody is mentioning Rosario Dawson! How is that possible??? :-),1 week ago,2,13,neg
120,Zombieland: Double Tap Trailer #1 (2019) | Movieclips Trailers,https://www.youtube.com/watch?v=YghZVENrn3Q&list=PLScC8g4bqD47QYmsgs_FBzcNvi3PPt2Ev&index=3&t=0s,I feel like zoey deutch's character is a Zombie. She hit her head when vehicle was pulled over and nothing happened,1 week ago (edited),3,13,neg
121,Zombieland: Double Tap Trailer #1 (2019) | Movieclips Trailers,https://www.youtube.com/watch?v=YghZVENrn3Q&list=PLScC8g4bqD47QYmsgs_FBzcNvi3PPt2Ev&index=3&t=0s,"Just wanna say 


Ahahahahhahahahahaaahahahahahahaahahahahahahahahahahah go crazy",1 week ago,1,13,neg
122,Zombieland: Double Tap Trailer #1 (2019) | Movieclips Trailers,https://www.youtube.com/watch?v=YghZVENrn3Q&list=PLScC8g4bqD47QYmsgs_FBzcNvi3PPt2Ev&index=3&t=0s,"Holy cow! A movie in 2019 that's a sequel to a cult classic and the trailer doesn't make me want to blow my brains out or wish I had never liked the franchise. Way to go, you got my hopes up.",1 week ago,0,13,pos
123,Zombieland: Double Tap Trailer #1 (2019) | Movieclips Trailers,https://www.youtube.com/watch?v=YghZVENrn3Q&list=PLScC8g4bqD47QYmsgs_FBzcNvi3PPt2Ev&index=3&t=0s,Zombie land 3 juggernoug,1 week ago,1,13,neg
124,Zombieland: Double Tap Trailer #1 (2019) | Movieclips Trailers,https://www.youtube.com/watch?v=YghZVENrn3Q&list=PLScC8g4bqD47QYmsgs_FBzcNvi3PPt2Ev&index=3&t=0s,So much waiting and finally came,1 week ago,1,13,pos
125,Zombieland: Double Tap Trailer #1 (2019) | Movieclips Trailers,https://www.youtube.com/watch?v=YghZVENrn3Q&list=PLScC8g4bqD47QYmsgs_FBzcNvi3PPt2Ev&index=3&t=0s,now thats a good trailer none of that woke bs just plain fun,1 week ago,0,13,neg
126,Zombieland: Double Tap Trailer #1 (2019) | Movieclips Trailers,https://www.youtube.com/watch?v=YghZVENrn3Q&list=PLScC8g4bqD47QYmsgs_FBzcNvi3PPt2Ev&index=3&t=0s,Still trying to get as good as Shaun of the dead.,1 week ago,1,13,neg
127,Zombieland: Double Tap Trailer #1 (2019) | Movieclips Trailers,https://www.youtube.com/watch?v=YghZVENrn3Q&list=PLScC8g4bqD47QYmsgs_FBzcNvi3PPt2Ev&index=3&t=0s,I got ao excited moment I got the notification. And even more excited  watching it üò≠üò≠,1 week ago,1,13,pos
128,Zombieland: Double Tap Trailer #1 (2019) | Movieclips Trailers,https://www.youtube.com/watch?v=YghZVENrn3Q&list=PLScC8g4bqD47QYmsgs_FBzcNvi3PPt2Ev&index=3&t=0s,"i'm guessing little rock is the only one thanos didn't target


cus no one else seems to have aged",1 week ago,1,13,pos
129,Zombieland: Double Tap Trailer #1 (2019) | Movieclips Trailers,https://www.youtube.com/watch?v=YghZVENrn3Q&list=PLScC8g4bqD47QYmsgs_FBzcNvi3PPt2Ev&index=3&t=0s,"MY BODY IS READY. 




also, all of them with their academy award noms and wins hell yeah  üëè",1 week ago,1,13,pos
130,Zombieland: Double Tap Trailer #1 (2019) | Movieclips Trailers,https://www.youtube.com/watch?v=YghZVENrn3Q&list=PLScC8g4bqD47QYmsgs_FBzcNvi3PPt2Ev&index=3&t=0s,"Ahhhhh! Woody Harrelson, you beauty",1 week ago,0,13,pos
131,Zombieland: Double Tap Trailer #1 (2019) | Movieclips Trailers,https://www.youtube.com/watch?v=YghZVENrn3Q&list=PLScC8g4bqD47QYmsgs_FBzcNvi3PPt2Ev&index=3&t=0s,"The first one is a classic, I hope this one will be pretty good",1 week ago,1,13,pos
132,Zombieland: Double Tap Trailer #1 (2019) | Movieclips Trailers,https://www.youtube.com/watch?v=YghZVENrn3Q&list=PLScC8g4bqD47QYmsgs_FBzcNvi3PPt2Ev&index=3&t=0s,OMG! I'm waiting for this. Plz don't fck this up with some identity politics.,1 week ago,0,13,neg
133,Zombieland: Double Tap Trailer #1 (2019) | Movieclips Trailers,https://www.youtube.com/watch?v=YghZVENrn3Q&list=PLScC8g4bqD47QYmsgs_FBzcNvi3PPt2Ev&index=3&t=0s,I can't tell you how long I have waited for Jesse to double tap a girl again!,1 week ago,21,13,neg
134,Zombieland: Double Tap Trailer #1 (2019) | Movieclips Trailers,https://www.youtube.com/watch?v=YghZVENrn3Q&list=PLScC8g4bqD47QYmsgs_FBzcNvi3PPt2Ev&index=3&t=0s,Yesssss am Soo happy rn üòÇüòÇüòÇ,1 week ago,0,13,pos
135,Zombieland: Double Tap Trailer #1 (2019) | Movieclips Trailers,https://www.youtube.com/watch?v=YghZVENrn3Q&list=PLScC8g4bqD47QYmsgs_FBzcNvi3PPt2Ev&index=3&t=0s,This is the type of trailer I stop halfway because it starts to tell to much but I'm excited for it!,1 week ago,0,13,pos
136,Zombieland: Double Tap Trailer #1 (2019) | Movieclips Trailers,https://www.youtube.com/watch?v=YghZVENrn3Q&list=PLScC8g4bqD47QYmsgs_FBzcNvi3PPt2Ev&index=3&t=0s,10 years later and 3 out of the 4 are Academy Award nominees/winners. Wow.,1 week ago,0,13,pos
137,Zombieland: Double Tap Trailer #1 (2019) | Movieclips Trailers,https://www.youtube.com/watch?v=YghZVENrn3Q&list=PLScC8g4bqD47QYmsgs_FBzcNvi3PPt2Ev&index=3&t=0s,"What do you call water from two different sinks






Double tap",1 week ago,2,13,neg
138,Zombieland: Double Tap Trailer #1 (2019) | Movieclips Trailers,https://www.youtube.com/watch?v=YghZVENrn3Q&list=PLScC8g4bqD47QYmsgs_FBzcNvi3PPt2Ev&index=3&t=0s,This trailer is Rick Grimes approved.,1 week ago,0,13,pos
139,Zombieland: Double Tap Trailer #1 (2019) | Movieclips Trailers,https://www.youtube.com/watch?v=YghZVENrn3Q&list=PLScC8g4bqD47QYmsgs_FBzcNvi3PPt2Ev&index=3&t=0s,Yo is it just me or does Jesse Eisenberg look the same since the first one,1 week ago,6,13,neg
140,Zombieland: Double Tap Trailer #1 (2019) | Movieclips Trailers,https://www.youtube.com/watch?v=YghZVENrn3Q&list=PLScC8g4bqD47QYmsgs_FBzcNvi3PPt2Ev&index=3&t=0s,"Nominee
Nominee
Nominee
Winner -winner chicken dinner",1 week ago,0,13,pos
141,Zombieland: Double Tap Trailer #1 (2019) | Movieclips Trailers,https://www.youtube.com/watch?v=YghZVENrn3Q&list=PLScC8g4bqD47QYmsgs_FBzcNvi3PPt2Ev&index=3&t=0s,It‚Äôs been a while since I‚Äôve seen Emma Stone,1 week ago,0,13,pos
142,Zombieland: Double Tap Trailer #1 (2019) | Movieclips Trailers,https://www.youtube.com/watch?v=YghZVENrn3Q&list=PLScC8g4bqD47QYmsgs_FBzcNvi3PPt2Ev&index=3&t=0s,"Watched the trailer twice and didn't catch the release date, was too busy clicking replay.",1 week ago,1,13,neg
143,Zombieland: Double Tap Trailer #1 (2019) | Movieclips Trailers,https://www.youtube.com/watch?v=YghZVENrn3Q&list=PLScC8g4bqD47QYmsgs_FBzcNvi3PPt2Ev&index=3&t=0s,YESSSSS!!! üëèüëèüëèüëè,1 week ago,0,13,pos
144,Zombieland: Double Tap Trailer #1 (2019) | Movieclips Trailers,https://www.youtube.com/watch?v=YghZVENrn3Q&list=PLScC8g4bqD47QYmsgs_FBzcNvi3PPt2Ev&index=3&t=0s,I noticed there is still power......them power plant zombies are sure hard workers.,1 week ago,2,13,pos
145,Zombieland: Double Tap Trailer #1 (2019) | Movieclips Trailers,https://www.youtube.com/watch?v=YghZVENrn3Q&list=PLScC8g4bqD47QYmsgs_FBzcNvi3PPt2Ev&index=3&t=0s,"Oh I'm in, I did not think this was going to happen I'm excitedüòÅüòÅüëèüëèüòä",1 week ago,4,13,pos
146,Zombieland: Double Tap Trailer #1 (2019) | Movieclips Trailers,https://www.youtube.com/watch?v=YghZVENrn3Q&list=PLScC8g4bqD47QYmsgs_FBzcNvi3PPt2Ev&index=3&t=0s,Finally something worth making a sequel of.,1 week ago,0,13,pos
147,Zombieland: Double Tap Trailer #1 (2019) | Movieclips Trailers,https://www.youtube.com/watch?v=YghZVENrn3Q&list=PLScC8g4bqD47QYmsgs_FBzcNvi3PPt2Ev&index=3&t=0s,"""Academy Award Winner Emma Stone""
Pulls out bigass bazooka gun.",1 week ago,1,13,neg
148,Zombieland: Double Tap Trailer #1 (2019) | Movieclips Trailers,https://www.youtube.com/watch?v=YghZVENrn3Q&list=PLScC8g4bqD47QYmsgs_FBzcNvi3PPt2Ev&index=3&t=0s,Woody harrelson would make a better president then the one we have currently,1 week ago,0,13,pos
149,Zombieland: Double Tap Trailer #1 (2019) | Movieclips Trailers,https://www.youtube.com/watch?v=YghZVENrn3Q&list=PLScC8g4bqD47QYmsgs_FBzcNvi3PPt2Ev&index=3&t=0s,I'm glad the gang is back....but where are the zombies?,1 week ago,0,13,neg
150,Zombieland: Double Tap Trailer #1 (2019) | Movieclips Trailers,https://www.youtube.com/watch?v=YghZVENrn3Q&list=PLScC8g4bqD47QYmsgs_FBzcNvi3PPt2Ev&index=3&t=0s,Really this Is gonna happen OMGüòÅüòÅüòÅ,1 week ago,0,13,pos
151,Zombieland: Double Tap Trailer #1 (2019) | Movieclips Trailers,https://www.youtube.com/watch?v=YghZVENrn3Q&list=PLScC8g4bqD47QYmsgs_FBzcNvi3PPt2Ev&index=3&t=0s,Lit af üî•üî•üî•üî•üî•,1 week ago,0,13,pos
152,Zombieland: Double Tap Trailer #1 (2019) | Movieclips Trailers,https://www.youtube.com/watch?v=YghZVENrn3Q&list=PLScC8g4bqD47QYmsgs_FBzcNvi3PPt2Ev&index=3&t=0s,Only thing that worries me is: S O N Y,1 week ago,0,13,pos
153,Zombieland: Double Tap Trailer #1 (2019) | Movieclips Trailers,https://www.youtube.com/watch?v=YghZVENrn3Q&list=PLScC8g4bqD47QYmsgs_FBzcNvi3PPt2Ev&index=3&t=0s,All of them look basically the same except for the young girl. WTH,1 week ago,0,13,neg
154,Zombieland: Double Tap Trailer #1 (2019) | Movieclips Trailers,https://www.youtube.com/watch?v=YghZVENrn3Q&list=PLScC8g4bqD47QYmsgs_FBzcNvi3PPt2Ev&index=3&t=0s,"A decade... For this....
Better be worth it...",1 week ago,0,13,pos
155,Zombieland: Double Tap Trailer #1 (2019) | Movieclips Trailers,https://www.youtube.com/watch?v=YghZVENrn3Q&list=PLScC8g4bqD47QYmsgs_FBzcNvi3PPt2Ev&index=3&t=0s,so basically... best cast ever... hype!,1 week ago,0,13,pos
156,Zombieland: Double Tap Trailer #1 (2019) | Movieclips Trailers,https://www.youtube.com/watch?v=YghZVENrn3Q&list=PLScC8g4bqD47QYmsgs_FBzcNvi3PPt2Ev&index=3&t=0s,Rule #-32... Enjoy of the... Enjoy of this trailer....!!!‚ù§‚ù§ü•∞ü•∞,1 week ago (edited),2,13,pos
157,Zombieland: Double Tap Trailer #1 (2019) | Movieclips Trailers,https://www.youtube.com/watch?v=YghZVENrn3Q&list=PLScC8g4bqD47QYmsgs_FBzcNvi3PPt2Ev&index=3&t=0s,Waited this many years for a damn sequal what's next world war Z 2,1 week ago,0,13,neg
158,Zombieland: Double Tap Trailer #1 (2019) | Movieclips Trailers,https://www.youtube.com/watch?v=YghZVENrn3Q&list=PLScC8g4bqD47QYmsgs_FBzcNvi3PPt2Ev&index=3&t=0s,Pity Eisenberg was not available for this movie. So they took unused footage of his scenes from the first movie.,1 week ago,0,13,neg
159,Zombieland: Double Tap Trailer #1 (2019) | Movieclips Trailers,https://www.youtube.com/watch?v=YghZVENrn3Q&list=PLScC8g4bqD47QYmsgs_FBzcNvi3PPt2Ev&index=3&t=0s,We better see more rules from Columbus....nah really this looks promising.,1 week ago,5,13,pos
160,Zombieland: Double Tap Trailer #1 (2019) | Movieclips Trailers,https://www.youtube.com/watch?v=YghZVENrn3Q&list=PLScC8g4bqD47QYmsgs_FBzcNvi3PPt2Ev&index=3&t=0s,Heck yeah!!,1 week ago,0,13,neg
161,Zombieland: Double Tap Trailer #1 (2019) | Movieclips Trailers,https://www.youtube.com/watch?v=YghZVENrn3Q&list=PLScC8g4bqD47QYmsgs_FBzcNvi3PPt2Ev&index=3&t=0s,if only that was Micheal Cera at the end :(,1 week ago,0,13,pos
162,Zombieland: Double Tap Trailer #1 (2019) | Movieclips Trailers,https://www.youtube.com/watch?v=YghZVENrn3Q&list=PLScC8g4bqD47QYmsgs_FBzcNvi3PPt2Ev&index=3&t=0s,They are back! Fav movie as a kidüòçüòç,1 week ago,1,13,pos
163,Zombieland: Double Tap Trailer #1 (2019) | Movieclips Trailers,https://www.youtube.com/watch?v=YghZVENrn3Q&list=PLScC8g4bqD47QYmsgs_FBzcNvi3PPt2Ev&index=3&t=0s,Omg yesssss ‚ù§‚ù§‚ù§‚ù§,1 week ago,0,13,neg
164,Zombieland: Double Tap Trailer #1 (2019) | Movieclips Trailers,https://www.youtube.com/watch?v=YghZVENrn3Q&list=PLScC8g4bqD47QYmsgs_FBzcNvi3PPt2Ev&index=3&t=0s,They missed the chance to call it Zombieland 2: Electric boogaloo,1 week ago,0,13,neg
165,Zombieland: Double Tap Trailer #1 (2019) | Movieclips Trailers,https://www.youtube.com/watch?v=YghZVENrn3Q&list=PLScC8g4bqD47QYmsgs_FBzcNvi3PPt2Ev&index=3&t=0s,So they were waiting for the main cast members to get their oscar nominations in order first,1 week ago,0,13,neg
166,Zombieland: Double Tap Trailer #1 (2019) | Movieclips Trailers,https://www.youtube.com/watch?v=YghZVENrn3Q&list=PLScC8g4bqD47QYmsgs_FBzcNvi3PPt2Ev&index=3&t=0s,It is like a broken version of Idiocracy,1 week ago,0,13,neg
167,Zombieland: Double Tap Trailer #1 (2019) | Movieclips Trailers,https://www.youtube.com/watch?v=YghZVENrn3Q&list=PLScC8g4bqD47QYmsgs_FBzcNvi3PPt2Ev&index=3&t=0s,"I LOVED the first one. LOVED it.... 
This looks like fun and I can't wait. The original team is back. Hell yeah...",1 week ago,0,13,pos
168,Zombieland: Double Tap Trailer #1 (2019) | Movieclips Trailers,https://www.youtube.com/watch?v=YghZVENrn3Q&list=PLScC8g4bqD47QYmsgs_FBzcNvi3PPt2Ev&index=3&t=0s,"ok, NOW i'm hyped",1 week ago,0,13,neg
169,Zombieland: Double Tap Trailer #1 (2019) | Movieclips Trailers,https://www.youtube.com/watch?v=YghZVENrn3Q&list=PLScC8g4bqD47QYmsgs_FBzcNvi3PPt2Ev&index=3&t=0s,"Makes me really happy but disappointed at the same time , doesn‚Äôt look great at all ..",1 week ago,0,13,neg
170,Zombieland: Double Tap Trailer #1 (2019) | Movieclips Trailers,https://www.youtube.com/watch?v=YghZVENrn3Q&list=PLScC8g4bqD47QYmsgs_FBzcNvi3PPt2Ev&index=3&t=0s,And they forget about gun recoil...,1 week ago,0,13,neg
171,Zombieland: Double Tap Trailer #1 (2019) | Movieclips Trailers,https://www.youtube.com/watch?v=YghZVENrn3Q&list=PLScC8g4bqD47QYmsgs_FBzcNvi3PPt2Ev&index=3&t=0s,and hopefully a sequel Adventureland also?!,1 week ago,0,13,pos
172,Zombieland: Double Tap Trailer #1 (2019) | Movieclips Trailers,https://www.youtube.com/watch?v=YghZVENrn3Q&list=PLScC8g4bqD47QYmsgs_FBzcNvi3PPt2Ev&index=3&t=0s,Hey....Hey.... That song belongs to Iron Man 2.,1 week ago,0,13,pos
173,Zombieland: Double Tap Trailer #1 (2019) | Movieclips Trailers,https://www.youtube.com/watch?v=YghZVENrn3Q&list=PLScC8g4bqD47QYmsgs_FBzcNvi3PPt2Ev&index=3&t=0s,"Finally, we‚Äôre getting a Zombieland 2",1 week ago,0,13,neg
174,Zombieland: Double Tap Trailer #1 (2019) | Movieclips Trailers,https://www.youtube.com/watch?v=YghZVENrn3Q&list=PLScC8g4bqD47QYmsgs_FBzcNvi3PPt2Ev&index=3&t=0s,Very surprising to see a sequel hopefully it's good,1 week ago,0,13,pos
175,Zombieland: Double Tap Trailer #1 (2019) | Movieclips Trailers,https://www.youtube.com/watch?v=YghZVENrn3Q&list=PLScC8g4bqD47QYmsgs_FBzcNvi3PPt2Ev&index=3&t=0s,Years I have been waiting,1 week ago,0,13,pos
176,Zombieland: Double Tap Trailer #1 (2019) | Movieclips Trailers,https://www.youtube.com/watch?v=YghZVENrn3Q&list=PLScC8g4bqD47QYmsgs_FBzcNvi3PPt2Ev&index=3&t=0s,They got the whole group back.  No substitutes.  Nice!,1 week ago,0,13,pos
177,Zombieland: Double Tap Trailer #1 (2019) | Movieclips Trailers,https://www.youtube.com/watch?v=YghZVENrn3Q&list=PLScC8g4bqD47QYmsgs_FBzcNvi3PPt2Ev&index=3&t=0s,I have been WAITING for this,1 week ago,0,13,pos
178,Zombieland: Double Tap Trailer #1 (2019) | Movieclips Trailers,https://www.youtube.com/watch?v=YghZVENrn3Q&list=PLScC8g4bqD47QYmsgs_FBzcNvi3PPt2Ev&index=3&t=0s,I know what I‚Äôm doing for my birthday :D (October 18),6 days ago,0,7,pos
179,Zombieland: Double Tap Trailer #1 (2019) | Movieclips Trailers,https://www.youtube.com/watch?v=YghZVENrn3Q&list=PLScC8g4bqD47QYmsgs_FBzcNvi3PPt2Ev&index=3&t=0s,This brings me joy!,1 week ago,0,13,pos
180,Zombieland: Double Tap Trailer #1 (2019) | Movieclips Trailers,https://www.youtube.com/watch?v=YghZVENrn3Q&list=PLScC8g4bqD47QYmsgs_FBzcNvi3PPt2Ev&index=3&t=0s,YUP! This looks like a worthwhile use of thousands of dollars. ... I'm sure it won't be forgettable. Like the last one.,1 week ago,0,13,pos
181,Zombieland: Double Tap Trailer #1 (2019) | Movieclips Trailers,https://www.youtube.com/watch?v=YghZVENrn3Q&list=PLScC8g4bqD47QYmsgs_FBzcNvi3PPt2Ev&index=3&t=0s,Where are the Zombies? üòÇüòÇüòÇüòÇüòÇ,5 days ago,0,6,neg
182,Zombieland: Double Tap Trailer #1 (2019) | Movieclips Trailers,https://www.youtube.com/watch?v=YghZVENrn3Q&list=PLScC8g4bqD47QYmsgs_FBzcNvi3PPt2Ev&index=3&t=0s,Is that the dude from Pied Piper?,1 week ago,1,13,neg
183,Zombieland: Double Tap Trailer #1 (2019) | Movieclips Trailers,https://www.youtube.com/watch?v=YghZVENrn3Q&list=PLScC8g4bqD47QYmsgs_FBzcNvi3PPt2Ev&index=3&t=0s,Shall we go over the rules again?üòÑ I need to refresh my memory.,1 week ago,0,13,pos
184,Zombieland: Double Tap Trailer #1 (2019) | Movieclips Trailers,https://www.youtube.com/watch?v=YghZVENrn3Q&list=PLScC8g4bqD47QYmsgs_FBzcNvi3PPt2Ev&index=3&t=0s,Finally!!! Double tap back In  action!!!!,1 week ago,0,13,pos
185,Zombieland: Double Tap Trailer #1 (2019) | Movieclips Trailers,https://www.youtube.com/watch?v=YghZVENrn3Q&list=PLScC8g4bqD47QYmsgs_FBzcNvi3PPt2Ev&index=3&t=0s,Wait! Academy award squad,1 week ago,0,13,neg
186,Zombieland: Double Tap Trailer #1 (2019) | Movieclips Trailers,https://www.youtube.com/watch?v=YghZVENrn3Q&list=PLScC8g4bqD47QYmsgs_FBzcNvi3PPt2Ev&index=3&t=0s,"Well, it's about time. With the Walking Dead being so boring now, the zombie genre needs a jump start to make zombies fun again. 
So let's nut up and shut up & search for more twinkies.",1 week ago,0,13,neg
187,Zombieland: Double Tap Trailer #1 (2019) | Movieclips Trailers,https://www.youtube.com/watch?v=YghZVENrn3Q&list=PLScC8g4bqD47QYmsgs_FBzcNvi3PPt2Ev&index=3&t=0s,It's been like a century of waiting!!!!,1 week ago,0,13,pos
188,Zombieland: Double Tap Trailer #1 (2019) | Movieclips Trailers,https://www.youtube.com/watch?v=YghZVENrn3Q&list=PLScC8g4bqD47QYmsgs_FBzcNvi3PPt2Ev&index=3&t=0s,This is gonna be amazing,1 week ago,0,13,pos
189,Zombieland: Double Tap Trailer #1 (2019) | Movieclips Trailers,https://www.youtube.com/watch?v=YghZVENrn3Q&list=PLScC8g4bqD47QYmsgs_FBzcNvi3PPt2Ev&index=3&t=0s,Damn. Beck really dropped hard after jade broke up with him,1 week ago,0,13,neg
190,Zombieland: Double Tap Trailer #1 (2019) | Movieclips Trailers,https://www.youtube.com/watch?v=YghZVENrn3Q&list=PLScC8g4bqD47QYmsgs_FBzcNvi3PPt2Ev&index=3&t=0s,Ten years later and they look the same,1 week ago,0,13,pos
191,Zombieland: Double Tap Trailer #1 (2019) | Movieclips Trailers,https://www.youtube.com/watch?v=YghZVENrn3Q&list=PLScC8g4bqD47QYmsgs_FBzcNvi3PPt2Ev&index=3&t=0s,Maybe this time we'll know their real names,1 week ago,0,13,pos
192,Zombieland: Double Tap Trailer #1 (2019) | Movieclips Trailers,https://www.youtube.com/watch?v=YghZVENrn3Q&list=PLScC8g4bqD47QYmsgs_FBzcNvi3PPt2Ev&index=3&t=0s,our zombie killer family is back ahhhhh,1 week ago,0,13,pos
193,Zombieland: Double Tap Trailer #1 (2019) | Movieclips Trailers,https://www.youtube.com/watch?v=YghZVENrn3Q&list=PLScC8g4bqD47QYmsgs_FBzcNvi3PPt2Ev&index=3&t=0s,"Finally, a sequel that hopefully won‚Äôt embarrass the series...",1 week ago,0,13,pos
194,Zombieland: Double Tap Trailer #1 (2019) | Movieclips Trailers,https://www.youtube.com/watch?v=YghZVENrn3Q&list=PLScC8g4bqD47QYmsgs_FBzcNvi3PPt2Ev&index=3&t=0s,I‚Äôve been waiting for years for a part 2,1 week ago,0,13,pos
195,Zombieland: Double Tap Trailer #1 (2019) | Movieclips Trailers,https://www.youtube.com/watch?v=YghZVENrn3Q&list=PLScC8g4bqD47QYmsgs_FBzcNvi3PPt2Ev&index=3&t=0s,Abigail Breslin looks old and bad.,1 week ago,0,13,neg
196,Zombieland: Double Tap Trailer #1 (2019) | Movieclips Trailers,https://www.youtube.com/watch?v=YghZVENrn3Q&list=PLScC8g4bqD47QYmsgs_FBzcNvi3PPt2Ev&index=3&t=0s,damn abigail breslin became a hottie,1 week ago,0,13,pos
197,Zombieland: Double Tap Trailer #1 (2019) | Movieclips Trailers,https://www.youtube.com/watch?v=YghZVENrn3Q&list=PLScC8g4bqD47QYmsgs_FBzcNvi3PPt2Ev&index=3&t=0s,Shoot to Thrill AC/DC music,1 week ago,0,13,pos
198,Zombieland: Double Tap Trailer #1 (2019) | Movieclips Trailers,https://www.youtube.com/watch?v=YghZVENrn3Q&list=PLScC8g4bqD47QYmsgs_FBzcNvi3PPt2Ev&index=3&t=0s,I believe its not gonna hit that hard than the first movie did. =(,1 week ago,0,13,neg
